Temperature,Humidity,Wind_Speed,Cloud_Cover,Pressure,Rain
0.19265268341445224,1.1809263162952992,-0.45844222424132863,0.08692246718859557,0.9563431514016445,0
0.7573347609215804,-0.9391391518138883,-0.695670201416963,-1.4751340593549596,-1.0617157777390442,1
0.3757593278278015,0.8602428739744995,-1.4812999165241425,-1.1365211416620993,-0.31987858539763536,1
0.17931311747232972,0.43207367033725014,-0.5073336345699984,0.6619413263876419,-1.568313018576959,0
-0.23213776567134956,1.5383214788176411,-0.9201102323104257,-0.010046119686261496,-1.6600120401907494,1
0.5221456714525814,-0.8541673864883849,0.9004727704704196,0.4049027654962719,1.8373658367635688,1
-0.18485095859375503,-1.219020844989235,-1.333697283380669,-0.07350553944162236,0.03243655102928219,1
1.3566621637478848,-0.6755622859887115,-1.2237458289139875,1.5301613521153052,-0.38026554309925853,1
1.6006570454151712,-0.8620443409752581,-0.7612370963366344,1.1860262275191087,-1.0049843315397238,1
-0.36862221990534955,0.8555923447134971,-0.7285922716865509,1.7176615314805497,-0.08143769450835583,2
1.017097934915681,0.7739118384912265,1.186485374826746,1.5772443464337114,0.8053071568608648,1
0.12504872135340608,0.5555398944401043,3.465574806047228,0.854643201951119,-1.6963597173445166,0
0.25792316889176814,-1.0052042538087027,0.26829156959860484,-1.4661077103061486,1.037904188506682,1
1.471460077445403,1.21702084272982,-0.7266649429030111,1.7827269493448328,-1.3058442953800116,1
-1.4289308604699764,1.5432984482555723,0.002014155769268941,-0.021872658318581775,1.6681412285133106,1
-1.3743101666232047,0.08012985808156825,0.3148845011600846,-1.43704848423986,-0.5198390659911466,1
-1.6014067342470593,0.485604540050806,0.8213667079476793,1.756372816794103,-0.09933992728607571,0
1.1558955014579226,-0.0263069173031911,-0.39903634870572346,0.3112511615313661,-1.6841934006210997,1
0.971046972632027,-1.7278769329469446,0.031346372725443855,-0.07100366699919469,1.2267771174267912,1
1.2828055162910346,-0.7649894472775458,1.3296268336850416,-1.5784817675621674,-0.6071165857027953,1
1.6514165055826044,-0.6710880464928313,0.5123774045381736,-0.17603918267249724,0.2748962971027586,1
1.0423274298610177,-1.0931016747055076,0.12049412047997123,-1.0173790428520584,1.5898726905445069,1
-0.07263894299293526,1.3551441626628102,-1.4723026083795632,0.8211828767591995,-1.146906176435021,0
0.9790990184523528,1.205284687555685,-1.112828984725569,-1.6194024260755706,1.3793110740328574,1
-1.2686031590683784,-0.16076655508002283,-1.0271518085121913,0.18308876269720598,0.07521687441581389,1
0.5018729119138785,-0.48574682912693506,0.4209846406450645,-1.4963599326203274,1.5822538907350105,1
-1.1834851411788565,1.4830688873732747,-1.3457567705642361,0.8070456036353628,1.2195383822508876,0
1.5361916667094953,-0.9845655273302387,-1.6171571438357781,1.6245627284768143,-0.128196078429721,1
0.10113246606781845,0.15565658923591047,-0.4804980806635255,-1.4977179568020917,-1.3867384643974503,1
-0.2626596600431874,-1.5625647970080667,0.7493044798042813,-1.2925964983074762,-1.5946112969027715,1
-0.7721227025295659,-1.0918890651352582,0.6614543541718518,0.12322167507339075,1.4038276615986045,1
0.957732045248443,0.32947772706837253,1.002501097148135,1.7256160473557733,-0.016985079930993015,1
-0.12184745825909156,0.5297128935737658,0.6717415749061828,-0.2341961079087832,0.6558962596751882,1
0.2592447566170012,0.2501809729722878,0.387152286159625,0.46637428052175445,1.4301787931094698,0
-1.6062554130894442,1.243857891943156,-0.04892309493836377,0.9677532680192235,-0.6195832851172224,0
0.4262355210819672,1.670117758257743,-1.0014012311387852,1.538416225264234,1.4803210994722567,1
0.4074334470018851,0.8797936640610511,0.23368785930963581,-1.0388444337492748,-1.6040787973474258,1
0.4238546192785532,-0.14887976942015602,0.4672133192057079,1.481805047847106,-0.7074486853280556,1
1.5330663274365497,1.121056313785623,-1.2921387481752529,0.5036182297225442,1.1819220537678,1
0.644079665182461,-1.3357063568541667,0.2220222798996733,1.11861134357155,1.3291876300021026,1
-0.4498532655521005,0.6023161580653023,-1.3813088336280108,-0.6319947897214829,1.6546513270854981,1
-0.18673551043528414,0.03444766776914214,0.16003439309929365,0.07004978042188796,-0.6254368273686239,1
0.6977420771122514,-1.1371177402728816,-1.1714749916028153,-0.9292108310222705,1.0699084621324713,1
-1.4656221472523574,1.5996334706243476,-1.3083634543598888,1.286780237724225,1.797799484847875,0
0.5929875850639998,-0.5849541897449154,-1.3286486753816658,-0.9442442597111459,0.1703072731627265,1
0.6061263381760661,0.36871609212114254,1.4084975654813316,0.23557107066111008,-0.8045366789446514,1
-0.9559868193034755,1.2748204209767846,0.3350172484273485,-0.2120360835211778,-1.563474021248578,1
-1.2324505525483205,-0.0056599615767895265,-0.8584923421538094,-1.4762015328015368,0.9967887945713897,1
-0.59945989301545,-1.3537806795488334,-1.4715259240659642,-0.23182472864521253,-1.208638180045282,1
-0.43558866288384573,1.0687375010848459,0.12265964083926145,1.045815829520818,-0.32726972279921834,0
0.2652277983879982,-0.5340788242810276,-1.2198972434646818,0.16900584466691912,-0.6031746205244959,1
-0.1814084022944899,1.6345225314529903,0.9535591593301311,-0.600275414466545,-0.22102094565196634,1
1.6845267991639088,1.292831615527021,-0.014799690771635999,-0.11764987145147526,1.516684533049402,1
-1.3236867069396177,1.1882458321922384,0.7753396704736444,1.0110412651603864,-0.18870342678604982,0
-0.9610975431270419,-0.523614051357903,-0.3591466166346565,0.6468428119701394,1.5406473577807862,1
-1.122541435882055,0.8566149834759033,0.692579069161681,-1.2657597488690255,1.1593084103381053,1
0.5466308124161318,1.6457543544740776,0.6318334692561963,0.17694818220380198,-0.6774205295543536,1
-0.810352913502839,0.06193619260087596,0.20922327421577938,-0.9644388991601891,-0.5718729456702263,1
-0.08736277613916651,-0.12945981935083792,1.1845462010713395,1.7116991255888863,-0.3880119362488613,1
-0.8404442811827614,-1.6997086080004415,0.28145696828847694,0.8887164100410342,0.44968102776823404,1
-1.1304832064499666,0.6606171863778012,0.2664898838203541,-1.3683913183056804,0.6927273199527263,1
-1.2954134453219004,1.205558182889009,-0.6601356701917597,-0.7944275833961609,1.7519704160830674,1
0.5575638289061103,-0.8982016081761937,1.4787539758642958,-1.3782593407750896,1.5895716735123762,1
-1.2010333363624004,-0.6655652436480711,0.05733983879544275,-0.3761537247670956,0.4717937470794725,1
-1.002824895146769,-0.026358830214997766,0.002014155769268941,1.177225438523676,-1.5376242923067698,1
-0.4185697178951289,-1.5020294866777593,0.14139223266330228,-1.4172840411660597,0.2353239528421395,1
1.1164346000304588,-0.03337457856255725,-1.2183907531748102,-1.0788621572733212,-0.2679512390429861,1
-1.3404651358990567,-0.3003076352486489,-0.8071522702616708,-0.7284742286078286,0.23344504693601287,1
1.173968838545869,-0.8508194715065084,-0.6645993693941455,0.49557330911424574,-1.5591610656383277,1
-1.3438688840173487,-0.3522059553372495,0.050545034744105294,1.698918040001368,1.835569458396014,1
1.6440892451531193,-0.18573904895828192,0.6692119731655762,1.1773885070247008,-1.499542812651256,1
-0.07941932705491661,1.6111324221121692,-0.7314201225210327,-0.9567806777516492,-0.7331892821508191,1
1.6451129585672868,1.5009088072831074,-1.2508970429155275,0.7906835940527565,-1.4456666227280768,1
0.3828261534952213,-1.2691087172739164,0.20168332402985753,0.26323805050739985,0.24350711403779512,1
0.8390429872593349,1.2885640772764486,1.2151111100266818,0.04096831424259907,-0.4520492691374318,2
-1.5370243345696117,-1.4740497091059517,-0.2819453874288681,1.4713704048681011,-0.36863078476783756,1
-0.7101773557091012,-0.002400703197909397,-0.0845614283767521,0.37218337323407685,1.1016392728247997,1
-1.2620794039786565,-1.1858571854840334,-0.7245387107047285,-1.1754704614937885,1.5096545395755179,1
-0.6649241639395713,-0.490426823067051,1.0579481526883783,-1.080198691391958,-1.1132475428151625,1
-1.2670646757969959,0.8091371804405878,-1.3026986151149467,1.5180059679606384,-0.7108190912313053,0
-0.5907887683294841,-0.28861952036998145,-1.1297284808279418,-1.3711219841736026,-0.022513845250024832,1
-0.2640136867439684,1.0281517962672315,1.713561192945327,-1.1730526882763193,-1.3008745970034739,1
-1.452310738769763,0.7246986097967019,0.6236054691000308,0.5952220653491278,-0.328706800672775,0
0.6802320968449865,1.4960184213526597,0.16338103683313757,-0.8764294976805435,-0.6287166021966363,1
0.2530252432958245,0.08891027455237478,1.010862844102262,1.188944898253805,1.5734442389631922,1
-0.7692925057335105,1.0116137881332874,1.7030158189547118,-0.21858040619229258,-0.9965932053447905,1
0.10588317570852109,-0.6384254812041792,-1.0618574874481221,0.009295671361627737,0.8602243040555674,1
-1.3511928180281283,-0.5597910826778161,0.9981194925132381,-1.204889735304055,-0.9349248288626958,1
0.2847424484608816,-0.37123501212485793,-0.5428905362538865,-1.5497398005034988,0.5207710182051757,1
1.4840164350287552,-0.33540938212146304,0.7917496793376768,0.9594572721961855,0.36564114794385427,1
-0.588800646121672,-1.3946997821042824,0.7108866770549623,-1.3924548777959338,-0.07226439228499855,1
0.5951721917245276,0.0370683343828,1.7079815226533845,0.5507588992812903,1.2001851899194091,1
-1.222704420359214,-1.4169073122937847,-1.3328611338658873,0.19851920651160943,-0.9106825353213492,1
0.7611965986480149,1.3132717984683693,-1.7093282868266468,0.13316676202199015,-0.0063442162154335804,1
-0.6877798120224444,-1.5372701581422654,0.8485277309101041,-0.6178204367680853,1.7881625801091832,1
-1.04827414123381,-0.20189327733641274,0.23447293280862533,0.9484481170481525,-1.0508483511046502,1
0.3206050957347091,-0.7699940167782537,0.6533065460992359,-0.27141221098502694,0.235767428765447,1
-1.6017829649984645,-1.2169838192803453,0.8682197760620881,-1.1272653811818796,-0.6606262004098498,1
1.1434061517418244,0.9485676112276772,-0.023729197048203792,-1.4540513087190956,-1.2620655683555186,1
-1.6540917529171582,0.711328260584546,-0.49358832843766387,-0.47070557480068254,1.3234064936008707,1
0.630490838147831,-1.2477008740659508,0.9260237425101908,0.440570987464744,0.35032311744560246,1
-0.7536173103351611,0.42842587926509695,-0.4126483283770984,-0.8902109256615505,0.3544100056467796,1
0.8252308511525299,0.9785855628378108,0.4177051672433491,0.9010017436500808,0.23542028586613822,1
1.595653537134202,0.9124004337679525,1.3480576146307321,-1.2732331457560877,-1.0465628931154876,1
-0.8257565088942134,-1.4324822644823534,-1.1732842120710036,-0.026519663542614508,0.31818824135148266,1
0.2854580385991953,0.61003550283865,-1.6860680309595453,0.19568008658583547,-1.3772275228850523,0
0.3393705894948647,0.7150864003859803,-0.8358594114246773,1.1714852054101614,0.723205578848869,0
0.27220295749416035,1.218258471916677,1.0189721362607576,-1.2415817232759914,-1.5190859022439371,1
-0.9128859871914409,-0.0009929556065644018,0.2277794145888554,-1.640654375715903,-1.0299264414883393,1
1.563615623906477,-0.1626442478850477,1.5290240680702702,0.18540218160253633,-0.6566757576484219,1
-0.1524782809802981,1.5727183204689494,0.1627693861169892,-1.1290827367628564,-0.7109815206244644,1
1.202694978971925,0.9922099258234665,-0.8049014753603548,0.3157701806047082,1.1831153208726801,1
0.7040144852256771,0.17352256523165124,0.9106195696890148,-1.533473869623852,-0.6796503970629569,1
-0.6605229644186519,-0.6118798621588577,0.5389951435020703,0.03769794491432618,-1.4391517655044261,1
1.0920132741858217,1.1599739744401696,1.0985949341560866,-0.3053003239603608,-1.4603787679177174,1
-0.32428206188282055,-0.18212355583774686,0.5748355312042457,-1.1101289908623695,-1.1710947496153383,1
1.320448696151427,-1.431085791608379,-0.16628524132428646,-0.040651855713129806,-0.3015165158697407,1
0.30282024911500327,-0.18395564827992375,-0.7661343432136216,-0.008656191719897125,-1.002703124169212,1
1.3225942724120012,1.2520074689623144,-1.5258911973868767,-1.413419760445994,-0.8669682837007444,1
0.6804339412850764,-0.2067558075347067,-0.6602963971200795,0.6768885194066273,-1.0483123325528172,1
0.791495222371817,-1.7007989225478133,-1.5579372880895292,1.4896097556194807,-0.6406269272076008,1
0.03147391820054459,0.35515716855456353,-0.24148470907363465,0.45906290780530606,0.091628763311426,0
1.574933383178345,1.6784663506419133,-0.9420510783973676,0.5062508999290576,1.7488343859501705,1
0.5156837604212395,1.0636056680009172,0.6971237875892233,0.922275499915246,1.1116677347432091,1
-0.2314581169320544,0.374963604934063,-0.9613342801808548,1.5663905451423998,-1.0890061916858744,0
0.38807905055988384,1.398096801975612,-1.4372810940350882,1.7256672064710916,1.150248902316756,1
-1.6048862748885877,1.050980423368537,1.160731635980409,0.044596198068068464,0.8207261632554645,1
-0.6464789881289742,-0.03337457856255725,-1.510686621963756,1.5970650078632278,1.5159719522285813,1
0.5706102439692612,0.2853840899479566,0.8594155774751945,-0.41340599516711796,-0.15758706908007597,1
-0.6855006829248,0.7676575980410045,1.4716156663273314,0.8510287492093404,1.3784906910413228,0
0.4275250155099307,1.1640648690863835,-1.3491309555631086,1.5688791624415244,0.7780861478290471,1
-0.21478110983743032,-1.5499004931427491,0.20322610458075133,-1.5906889603301686,-0.7317233671123596,1
-1.2102273383507425,0.9174673192550542,-0.16704780388520074,1.5130973139593462,-0.31720352950300457,0
-0.6576537491296459,-0.20943691662089242,1.023219279119169,1.3912773279392319,1.2768174561454588,1
0.2644408631646742,0.5249439822879118,0.42212252764503744,-0.9411322373348392,1.1675197589301947,1
0.3354024095664703,0.8824488192284881,-0.762049618865349,-0.24017890527925753,-0.8297251177133372,1
0.279239913748332,0.10731636890338621,-1.7115799160070315,-1.2245168956282184,1.268985235454923,1
0.5469447397161225,-1.2044324877086134,-0.06022386111992543,0.9181010764546315,1.6579255946205165,1
0.5432196396719722,-0.3401914121575796,1.350468641612746,1.0218457362799347,1.4163987553118982,1
-0.20578787275572877,-1.4855276206636236,1.3890745531762918,1.3771771363267828,-0.34735768380512777,1
1.3728638142825065,0.623077593809089,-1.2868092014316215,-0.13124608537105958,0.22059585879003232,1
-0.42251797695926685,1.5334328880207675,1.2357861700648316,0.5161020230673828,1.303397540921885,0
-0.19069642211587187,0.9878736275577132,-1.5985084483781775,1.2491748054233205,0.8431332716013458,0
1.357172468185914,-0.4081581761737026,-1.3998306825064326,-1.3259090234926556,0.8172159620989052,1
1.0662057632346418,0.2615280796388881,1.5978362946043911,-1.237427082004263,-0.6885287774247001,1
0.7189797409488611,-0.7028322300221093,-0.38919352671094964,1.1604079334731598,0.4679931574643371,1
-1.3298567653083582,0.11263128227516082,-1.473807028916013,-0.1294698703007344,-1.5084143408318247,1
1.4507089899201515,-0.7147925148004703,-0.10280239072496955,1.1092155628228135,-0.6462683085581985,1
0.7541170084451483,0.791868784815932,-1.5583539284265264,-1.6458871724877582,-0.9814781682957344,1
1.720072884182658,-0.8572835647140238,-1.660464071563867,-1.2516024243036603,-0.32701405606344425,1
-1.1627985647007857,1.568944988235928,0.21036907741290703,-0.3821707146235804,0.9206816285510067,1
1.276404096637695,0.5289040553171085,-0.9921122453023151,-0.2815590370560481,-0.7763125429634489,1
-1.1185249022185026,-1.5133994286899737,0.41674577381790556,1.2152314544420229,-1.0662900495628673,1
0.419189775235531,-1.7130952955760397,-0.5684904606771835,0.10327888491466594,1.2894540470634475,1
-1.2497814586686538,1.6826542450677386,-1.2621792674415344,1.5042466378575579,1.5490087332877776,0
1.2081238980020066,-0.9909967268910174,1.660203265590718,-0.18875025972694992,-0.11669813875637466,1
1.0700239265552929,-0.6740413866545258,-0.8592377757226733,-1.416569096503709,-0.8333067637780885,1
0.2615078506347668,-1.0326283105677687,-1.5040170818430039,-0.07457995769661262,-0.8053551345872164,1
-0.2880422814832332,1.4452762099393084,-0.7601177136645205,-0.23573355782452626,-0.2234039184396251,1
-1.435274486384549,0.4946945761197267,-0.8532050602918169,0.23945109613106755,1.1488003552919148,0
0.6970550512673362,-0.013587601778881185,-0.6887336486850829,0.5496267272161692,0.29278250311004406,1
-0.13069785841425405,0.16980348881212085,-0.4965394194447882,-1.4442306140285042,0.3491049797292198,1
0.7806388551177299,-0.6557585719563823,1.0453624722804893,0.473089330409842,1.7730278620343534,1
1.2704858469742506,0.3644178045830012,-1.5115387992325549,-1.192411881030922,-1.4259460298501778,1
1.640905795345132,-0.30550796779363615,-0.5004553498438516,-0.16432842188581154,-0.01439716043298877,1
1.2345806242259534,-1.0642555030970084,-1.3607377338584357,1.4162640468775156,0.0011944676455458588,1
-1.6302704961306091,0.510505783447857,1.6526386621857188,-1.1870478200508725,0.26611128776813014,1
-0.4482575224767343,-0.46306018344860217,-1.2227486653085131,-0.9298961874446714,-1.1052783542889935,1
0.8075702338633868,0.9528014613943635,-0.07337157178276077,-0.19451274748635028,-1.1017901031584878,1
-1.0875146660655008,-0.3199872948114354,-0.06991212673603915,-1.4391186729843115,-0.22600196592667782,1
-1.4856043504796543,0.9610650711741106,-0.7830691844549921,-1.3805127527248813,-0.6261784052009101,1
-0.9912371759330401,-0.208146976356143,0.814188053925013,-0.009087920304685408,0.06555501149974029,1
1.0237931893186027,0.9802158357466301,1.4638120506384658,0.9252934455001973,-1.5937815631979115,1
-0.9100246449336911,1.0952189283087075,-1.3771686388445898,1.522351033925418,-0.04688882067558377,0
-0.4978996800514662,1.5341706762093494,-0.06721564184019022,-0.1443951223902628,-0.018335816606866027,1
1.4798930329494098,-0.41138014016744673,-1.1216980955652327,0.508374262861106,0.7557626437415542,1
0.7207643761275034,0.24702869396500596,-0.45214224159280825,-1.4402361341712422,-0.7554984171737953,1
-1.5619664806763796,0.6378517943972556,0.4857225812042796,-0.015024937750856669,1.1398875631540828,1
-1.1110539235983368,0.5685324422317937,-1.2278926405051638,1.3396474043216138,-0.27735403328768105,0
0.4392783941397014,1.5307838662753117,-0.7248817169435298,0.38642338925225983,-1.3638225501029617,1
0.2890938907630018,-0.7574112415472894,0.6131998404067399,-0.3589753079858716,0.5364096051521052,1
-0.8626165989419164,-0.7470377630085031,1.1804466608450008,-1.3400910892275202,-1.6081261570609382,1
1.500707520362817,1.410510688987622,0.3172153666352847,0.06484970029032544,0.8445605505956797,1
0.4137810456128162,1.001827629733501,0.07739043398696756,1.5067822995674733,-1.6587595714645942,1
0.1479171943887941,-1.0500410423077915,-1.3406241043814648,-1.3927825703681198,0.41779016211681813,1
0.33213470374712484,0.2124834728447758,-1.213937078608424,0.17566055596647281,1.391966425392255,1
0.8080164350727639,0.8174813859226954,1.5702926686468637,-0.1831709234140517,0.7792164675175913,1
-0.6112824516500748,-0.5346895367766913,-1.7076149565784149,0.9602385371382012,0.5161008000636539,1
-0.3184602364084678,-0.2546135262844038,-0.05490356642969076,-1.127622658661113,-0.16794480349268587,1
-0.9578155553401666,0.23090275098263044,0.8778845428195958,-1.0588246292523362,-0.5075493875392586,1
-1.038086518622232,-0.14193596375122566,-0.9963767947455637,0.8110762416682022,-0.3864087003958168,1
1.5351852495705625,0.8425419963481915,-0.14016429376547562,0.6873558106666989,-0.36960212290719097,1
0.8400178013225589,-1.7297561379712112,-0.02525693127259492,0.13039438199047268,0.18053003370598808,1
-0.005403994372462792,-0.2537518289561713,-0.8233711387578181,-1.6307590414602529,-1.1927062396672994,1
-0.8981797385184556,-0.587901574062253,1.2977869117177256,1.2904205887236577,1.4310083790909136,1
-0.806738698030734,0.34716496908635414,1.456971090813785,1.7425559705481302,0.5215425014913134,0
-1.4730764595098844,0.9214425858406554,0.8538529251455451,0.6444074769917251,-0.37169878784689475,0
-0.1956119722183299,-1.4880335644834222,-1.6869927385186918,1.5566339198226562,1.787432761523298,1
-0.6117885449711659,-1.2059994678429506,0.4408025962496914,0.9545779375199144,1.3977767624055282,1
0.6933715805965438,0.5396906875500654,-0.9203989916424287,0.7017862410597356,0.45383390735599377,1
-0.38793307432854834,0.7921362536866842,-0.8000877750377438,-0.440792120533121,-0.38124584297437164,1
-1.0604507940094583,0.2749912836975342,-1.0861110324025638,-1.3729943618748934,-0.3906776300131997,1
-1.5862683066484302,1.6336152251896818,0.24694049882532593,-1.535985957481841,-1.464911657336405,1
-1.4417820474355774,-0.030543940698147126,-0.1842270783646285,-0.09998008945222674,-0.4850781342007468,1
0.6358406082565314,-1.280945212760646,-1.0526304903634096,-0.06917869452702721,-0.8290918620762913,1
-0.13017463077625094,0.6127153531852888,1.4826462499164499,-0.32093324000853957,0.4599972773909803,1
0.15112931707928196,0.32275896536810955,-0.8960049424923439,-1.5437011487656462,0.8565015818642969,1
1.373287038341977,0.2826337640993546,0.9547116439249299,-0.9622079678532091,-0.6630453645002997,1
1.6911964086066893,0.1291854798944379,-1.631921176508172,-1.1778564505621496,0.2383076334960384,1
-0.933876772553587,1.4831286342325152,-1.0872219321381715,-1.602681716416129,1.094222061428596,1
0.5804687209475577,-1.3055144422588802,1.0923610229577352,0.4785950515267758,0.5784831150658954,1
-0.7763083211591401,-1.4981831392761535,0.12350054344736296,-1.30679967083996,0.9399779034342132,1
-1.5999384767315223,-1.2195738236666764,0.4997423945508895,-1.1370987964376653,-0.9271573352148166,1
0.903919825681885,-0.9066954742319073,-0.24535645081085944,-1.3062258107019769,0.5541344890511095,1
-0.5838854399562953,0.2913268720421171,-0.2222575121999443,0.9780913647946993,-0.729265962920161,0
-0.36854627765778725,0.35839335650740123,-1.2864420507508318,1.3855396655122325,-0.8821438038717665,0
0.3267285044197958,-0.9493488396968705,-1.1300580384591299,-1.2386768805738642,-0.7393800862832983,1
1.1505621800687986,-0.06578673188786573,1.4358433398261736,0.46668997149914426,-0.39980170560208045,1
0.46474518485289945,-0.0904513617204058,-0.14679036548903954,0.4805002060004663,-0.02886646091874811,1
1.2917606477965466,-0.19013073967889282,-0.0959426426577688,-0.6808308303730275,-0.8874340124815877,1
-0.40008995530972413,-0.5929225026150621,0.2734014323531605,0.799699916717544,-1.2065344428322022,1
-0.09664658838322722,-1.3480337266598337,-1.5616485529855886,-1.610221559413628,1.7493507766459113,1
-0.727752432237802,-0.260761423708861,1.4327015475351814,-0.0048976029059126175,1.6151583223606476,1
0.3215262707840662,0.5215197853201774,-0.10588467178301622,0.2517935799027508,0.7709344389376188,0
1.2619101228219765,-1.4248811571217568,1.4090706657165333,1.141472168382328,-0.6645165808248732,1
-1.2711234520457382,-0.6957106060586286,-0.28134560396746294,-0.1135945920656898,-1.6979409034504604,1
0.08596388725006819,1.1282278409773845,0.26372706021122216,-1.627571804741493,0.02414183017968355,1
-1.2217872085253614,0.4746154128442981,1.3491275445972915,-0.8954962372970364,0.41115858127684857,1
0.7630038335195174,-1.039655537136033,-0.13581732395089266,-1.4831868415707816,1.8292428449652318,1
-0.32579592142469765,-1.1961866262211756,-1.1007672909350494,1.720434436905547,-1.2297058126732656,1
0.24901982314011495,1.363963110375757,-0.2585065418705534,0.5447982240606536,-1.3863536321752763,0
-1.0479738584989224,-0.7619850020338019,-0.40751415306505023,-1.6398133680715818,-0.1873865929240646,1
-1.1784128818724267,-1.1321794661342433,0.7904817601073177,-1.514162904164691,0.9658931608055346,1
-0.0135582089601257,1.6926998771452586,1.167373947491144,-0.8723636235375534,-0.4937840677289926,1
-0.4630735040337947,-0.6856475582108227,-1.6777457012012802,1.0267948548980101,0.6511548803985854,1
1.521811323302831,-1.3207195699847276,-0.01924032903049508,-0.2768844146881433,1.4578527666186634,1
0.9274966862041275,-0.16035935364558512,-0.7998051839579855,0.08810854482791321,1.1158296778979822,1
0.8709468601722586,-0.254741403836167,-1.15256084752251,1.3482327852653853,-1.3409675827072283,1
1.3972095681513905,1.4408026962761211,0.5669704436171986,1.4125323864460544,-0.11719999929273142,1
-1.38689131740037,-1.288132145098371,1.1495774501223808,-0.17797136797683105,-1.566918753878951,1
0.2041209427514075,-1.436418304018237,0.15087181828665794,0.9626260471965414,-1.1027983913046122,1
0.3136919436385146,-1.4300753362973433,-1.0518413510686275,-0.842662019106327,1.036072347842337,1
1.5947976801567978,1.3632829046202233,0.8605368411017292,-1.0451262471604457,-1.0834201203809044,1
-0.6784753459996143,-0.20301313001520008,0.07172354290524549,1.7044467818563258,0.28330570903433216,1
-0.8526519132957643,-1.2316610568510062,1.0435545036529137,0.5440385922370357,0.4828305674487249,1
-1.3296291798297835,0.2943697469727806,1.592697709966979,0.6095473641376428,-1.1454356005014088,0
-1.614265866988058,0.10084840346015353,-0.2781071737714275,1.3665234108704016,1.5480289454134453,1
1.4848076450110785,-1.0670836010703664,-0.6223369144702317,-1.5536154822414665,-1.4940595914089632,1
0.6036781574147816,0.3260732826706146,-0.7489935376257351,-0.6651734265001684,1.563704153821659,1
0.9947920442510563,-0.578778037514893,0.6536919047801473,0.8219414799479854,-1.2976143959158608,1
-0.7138322233007575,-0.92948639362428,1.6172402799272438,-0.08603961663557663,1.4984636557806108,1
0.3202562975429991,0.007119753075237516,-0.7361660103861588,1.5897239346984962,-0.394951050372663,1
-1.452963170936309,-0.7460470908432228,-0.13085266765588888,-0.0999355981653131,1.1040310690996722,1
-0.021801199920135662,-0.985369637625258,0.26038566695330756,-1.2104016624448792,-0.3013540424769376,1
1.6476043401323863,1.2787047436298606,1.555652778270975,1.4676445972730083,0.9026593665430673,1
1.3048431814242465,-1.2139086419508027,-0.868829831767163,-1.6288414583080773,1.326240597401059,1
-0.5223119055747717,-0.7841245071617247,1.5820985048293255,0.9578347361962258,0.1647400011899373,1
1.5935547105977033,-0.42071848719950466,0.08096287927784919,-1.617786692182438,-0.2732823317750388,1
-0.883629603766477,-0.8080592856108535,0.7819879132339399,-0.05655053572752036,-0.29995078271014725,1
1.551973512607995,-1.02472095662352,0.963637337135824,-0.9409232247632475,-1.5008451905287954,1
1.525021244533483,0.9048735517512392,-1.1519552598996308,1.6199064540961172,-1.6492551111701732,1
1.0424768450186135,-0.6173918477281771,1.627075708661555,-0.2847053625944234,0.9396539915939285,1
0.4697211265823262,-1.3628182557200283,1.63179574824751,-1.5401666221600419,-0.22617631452647938,1
1.2973177055552754,0.1121133232553325,1.254629269419935,1.0197205551412798,-1.16512919655442,1
-0.6755131937224519,-1.3181431202803804,1.176365488098122,-0.5598197188339809,1.3942578584193022,1
1.2112984079086957,-0.5192536987667078,-0.5974247451680451,0.5483540149940165,0.5638038329071676,1
0.42705413985433116,1.2859500915763347,1.2062492983740583,-0.255574259513967,-0.016205193694427283,1
-1.6251021806511667,-0.4791713958926332,1.330638165351148,-0.14132947790234454,-0.43369451505065165,1
-0.4915126973248153,0.42754216843157505,-0.802345644720085,-0.7409976914371716,-0.4771725308759538,1
-1.1672360475149344,0.021666285106111023,-1.1312120905042047,1.0593222373132953,-0.3824129771626544,1
1.662314847414768,-1.276013039537351,0.8800671528431013,-0.054815745578612456,1.447607140612016,1
-0.04643254313222451,0.48456084544529593,0.26520310944242714,-1.510427620146175,-0.3568922729072642,1
0.018125203700638,1.1971483422207765,-1.3466128156077624,1.596238996117661,-1.6332662689858337,0
0.5003506797147789,-1.42927034573366,-0.3461834020889477,0.05913473849485116,-1.1870093931675259,1
-0.41904679594250294,0.844737611553843,-0.5777500121319176,0.021555998952287637,-0.47197907896955804,1
-1.2053867696443754,0.6262127811909122,0.5497678453883847,-0.4573108151360986,-1.1109198740348125,1
1.1202511806114697,1.2337324964093588,-0.2744910501978664,0.533559444392403,1.2217637165862052,1
-1.025681714851392,-1.3918120757165842,0.5085541064411019,-0.2682234980436753,1.8461183005308235,1
0.0653957368999249,-0.6976859250581341,1.0255450743746193,0.9259695701866401,-0.5147698549351418,1
-0.9086930342099004,0.6402610403849702,0.7088724726228909,1.362214929020311,0.02174238773595771,0
-1.3379426748453866,-1.6743949283905057,0.40173037639483333,0.03445946373450478,-1.5327240004625402,1
1.2562621824392786,0.777239090049117,1.3928635557906617,0.5932953623765082,-1.01105195402069,1
1.63207451556957,1.203840148125828,-0.8666461160509389,-0.6320573576101085,-0.8881478437559108,1
1.591058424938384,-0.18946525041017317,0.024466745488935574,0.500112398606798,-0.3253502729333587,1
1.4068341767229737,-0.25479376116505525,0.8770927277093048,0.5338736911520205,1.2339671228702886,1
0.957099547799258,-0.7914272202203863,-0.9481073755583589,0.11080376043548053,-0.28368868868339303,1
-0.5393288144598317,-1.7328097025894607,-0.9904402280480894,-1.0977775693620644,0.9320461984422482,1
-1.3947689791579418,-1.108755354782433,0.6306626595477196,0.8430147547974902,0.17593399632950796,1
-0.2878458556548398,1.6234953745017089,0.9612301379598093,-0.5492479499154879,0.6557338984392692,1
-0.8818222377987509,1.2358861172308362,1.3239038502000506,-0.31396740154788655,-1.0012482213794585,1
-1.2203633230395121,-0.8326207107305484,-0.17875559019995377,1.2762766999571857,-1.5640086989940745,1
-1.488695641059151,1.5680100916566246,0.7405122508123109,0.691363058935989,-0.8255882577949915,0
0.7926494737011953,-0.48415889330401213,-1.1302058573121494,-1.362659171703468,-1.3422578330591537,1
-1.6312433074164112,-0.7256088915689818,-0.63689126250453,0.29409823310443833,0.794349318877075,1
0.9453339110247543,-1.2240825845859271,0.4517633435035343,-1.3480749522414368,0.3202925920558485,1
-1.1712892323135333,1.3540679993465243,-1.209329836321268,0.568940944889306,1.117699920409861,0
-1.400129171263025,1.6480385553418548,1.5616860330533908,-0.29187245467406414,-0.2716594500970561,1
-1.3659142759148912,-0.6229170616944228,-1.2780258617907283,1.143982403894061,-0.7764864823915743,1
0.6109116871929348,0.6717266459813528,0.9479376520940027,1.0313366919795968,1.3569701852331586,1
-0.8372484166105704,-0.5957446712846527,-0.6236687060551904,1.784808937114369,0.3071660716616078,1
-0.24271124966143118,-1.3887174581842654,0.7974872344712559,-0.6195871664662483,-0.021909289443948515,1
0.22168945226890302,-0.3981531382209969,-0.32816694027086857,-1.0454955663010597,1.4646215903729642,1
1.250694832619136,0.14886694407249085,0.8479939052695109,-1.0103516166330437,-0.4662796859177019,1
0.7975704501309768,-1.3266533816288644,1.3718377406986224,0.4092143129288272,-0.24925799032555973,1
-0.7525314563533814,1.0671319845990093,0.3283487550232149,-0.49817647590808484,-0.7873130730813294,1
-1.2237737491111684,-0.03776869328461513,-1.1542918699798708,1.4661157651072685,-1.2304430213941293,1
-1.4820870244419617,-0.9432165498797576,1.5458620495490638,-1.3740357447819502,0.3262272671624416,1
-0.6463981501504377,0.2906839180680942,0.10998170814600514,0.9786110111824473,1.5711912178443972,0
-0.7803954866594124,0.9810099316103885,-0.895304329607641,0.03438800596322157,0.6029901170681192,1
-0.12188060222211589,-0.6221838862717421,-0.3155790296523806,0.5414041125682066,0.6564842558618764,1
0.649038443952996,0.6649986301362896,0.7569656848264633,0.37113479298971364,1.3476732767893467,1
0.6909345316956648,-0.27707263793276987,1.4917691325599305,0.1735572439164029,0.785300577999587,1
-0.7077612111229277,1.5690509591443211,1.3932703513011448,0.7504736665808622,-0.3663550899979843,0
-0.3805506971809753,0.9041642521639346,-1.2353806272954997,0.2265771627348805,1.151934278323639,0
-1.0551992891885478,-0.5232775815803659,1.2739061063077104,1.5197161841299862,-1.261385931302294,1
-0.07263894299293526,-1.6890967227522635,0.30784857140612737,0.24707175562748174,1.3940160788853728,1
-1.477085075274654,0.5136554498154503,-0.3112836936667756,1.5100855132639108,0.10684465074300506,0
0.6955904274034261,-1.068924206098014,-0.1236873664608722,1.1211105492278897,0.2371493445343014,1
0.9728751415035749,-1.330570112645219,1.0091606225419054,1.262561591651907,1.5759283878784687,1
0.9685042140140547,1.4579282293971414,1.1812374608107756,1.433278560985195,0.7233406414285138,1
-0.7895443406809871,1.6926480653438623,0.5401837829949568,-0.9511864931454628,-1.4241936183989972,1
-0.4013010835692743,-0.8209688807217608,-1.5160776149153672,-0.4706828462747585,-0.8034363169645256,1
0.324293372524069,-0.7112060979866044,0.002014155769268941,1.440439799540549,0.8231186911687364,1
-0.7440667939230835,-1.182142024425154,-1.6283079645537286,-1.1342663419235914,-1.3710744575915208,1
-0.4113485158768148,-0.1743823001028779,-0.3864467427085308,-0.005403393363764546,-0.7736281468197616,1
-1.001223196930254,1.2309201795989189,-0.19297859657933833,-1.2868839669694523,-0.7651364807630961,1
-0.10927076287274896,0.6651006391965978,0.01949343825649257,-1.1228301560020664,0.8122553233404577,1
-1.518613472762829,1.1637391383924458,-0.8386147149011837,0.3747902416616851,-1.5184957517701327,0
1.0444905043370059,-0.9635348753290339,-0.2790841327194338,-0.28689847955958986,-0.47633834620222104,1
-1.4088369755052559,0.76477667329084,0.9840736251698433,-0.19220162487321696,-0.18719302071338745,1
0.09090571371007697,1.4123087285341531,-0.7860860375034684,0.09761214113741021,-1.4415145605483954,0
-0.6287103625345583,-0.7812800952500493,1.0730986768637696,0.6213557195018419,-0.07341098142523252,1
0.29016083390954134,0.62773550153092,-1.6734797831383759,0.0674018787385658,0.18594440544869945,1
1.5863023340438605,-0.37072906579219744,-1.2267719796600267,-0.47336762269861077,1.7469568169671212,1
0.5210464567154519,-0.750945197643853,1.457466753141524,-0.9846435289340202,1.4012960382464283,1
-1.5500076497165214,1.588236539244667,-0.10299251717111531,-0.05223249958651364,1.6039136107669436,1
-0.20923617758643753,-0.5498497380314801,-1.5423664673630824,-0.357425267475863,-0.7401165606183934,1
0.0609762881190676,-1.378874043295879,0.3774021726147344,1.1523785744067157,-1.1684171484215398,1
0.1497658858040722,-0.41228021365995454,-0.15236486139320135,-1.593900111136222,0.5663639099282654,1
0.6426277448427865,-0.20883489993630489,-1.412734230938131,0.31132347652080866,-0.9859684815238854,1
-0.7278631061709577,0.8396788969235982,-0.5229932190192417,0.47628071315075804,0.381596753381712,0
-1.2326736485445415,1.5203772215157236,0.39106459624954487,1.7442682026772995,-1.0065732278081672,0
-0.3372813553744496,1.0629459831431738,0.436627806233764,1.3923554023704274,-1.4704631680050688,0
1.576026554744059,1.4550528191812948,1.3257501949893666,0.12999788932671721,-0.10707934978973853,1
-1.0349033204464881,-0.11455848367750467,-0.027161112323518095,-0.6561567802918012,0.5591076925155714,1
1.398106318292064,0.7264230747511286,-1.3573339864455851,-1.6114462244694454,-1.3674735625385177,1
0.17565697340166278,-0.686137303920124,-1.3270945611409248,-0.8199923569230159,0.25099204015044596,1
-0.1192643097558027,-1.5106131216301304,-0.2868465718192541,1.2621755777290522,-0.15002678233130912,1
1.3236330050123508,-0.4918681432161382,-1.0809065925517487,1.694019565044339,-0.7951381418126457,1
-0.11351980416002529,0.6527376795308106,1.442555656656714,0.7597642787811214,-1.091289818944498,0
0.7878071396461204,-0.8046720356396441,-0.989120919780271,0.42615304510798707,-0.8694422882065557,1
-0.3157305681061889,1.215640492509734,-0.42554695611789095,0.43432144948782275,1.4833354999731725,0
1.398311445643438,0.9724489957478271,0.04101939917491183,0.5842182023217082,-1.588667960262589,1
0.6719266069269265,-1.08210965539269,-0.5832306756593024,-1.6402626758556837,-1.1779475892387559,1
0.7044990789842464,-0.611123459454197,0.5631648318526331,-0.37662721169577484,0.13891675810048743,1
-0.5577404958251292,1.091335924365462,0.3596066658111502,-0.5162482072447717,0.7232021885665207,1
0.8984893649270488,-0.9103189862632513,1.5057212635262522,1.7100718446615537,-0.24422235591002842,1
0.488772132026645,-0.6084882243668421,1.137274298178144,-1.6439091264474595,-0.8480139474375107,1
-0.8553959961427002,-0.5690146518309388,0.3517379457270833,0.8808887123487071,-0.7272654831782654,1
-1.125157187187891,1.0078060542865588,-0.18425089619025173,-0.25537224214701854,0.6051084962678889,1
1.032935887499415,-1.6227072170251524,0.3922604189160563,-1.4241319029646882,0.8307044159139493,1
1.5853970221084415,-1.496152839176711,0.4207023490232377,-0.4075361549967158,1.7450636459124362,1
-0.11509847739268451,0.24142098042491555,-0.791879200462988,-1.2075989442050514,0.797332086149579,1
0.3357805166060278,-0.38293604564324285,-1.1059601839957518,-1.518175954168423,-0.20302820702010038,1
1.2410947622288613,0.428837935609874,0.06374763260724525,0.6993532793000139,-0.8296059562369972,1
-0.1182052696367374,-0.8327700092365269,-0.6626054276981291,-1.5616805926273118,0.19742271712868847,1
1.5606474405708914,1.3815144623435827,-0.3951518728853126,-1.6053399572309164,0.8792472732577815,1
0.2840794837053505,0.8697401796747191,-1.7109123138114688,-0.18433533933607957,-1.2876935288840456,1
1.115667182324667,-1.5169513489610618,0.621760724608524,-1.1982752008003343,-1.4894152228641206,1
1.4146004256721454,0.94880444482066,-1.517606978650844,-0.11519824159901773,-0.9055631852753416,1
1.0978713399177893,1.5880950430770815,0.8062901008223111,-0.39009551101773915,-0.21250682660911438,1
-1.1289732779786528,1.4946280387505155,-1.0032483344399077,-1.2953656357763146,0.6682572602214267,1
0.46446210867664395,0.7820872865123824,-1.1514212459588749,0.5492080728358304,-1.669405281374302,1
-0.31773664473883734,-1.3246667745488514,0.34348641787307854,0.5835817229726954,0.2113396936232219,1
-1.4571796029070283,0.233244540316703,1.6570167635015909,0.5662686687868055,-0.6685522410492015,0
-0.23085668626780645,-0.7715824145067756,-0.2687814864196451,1.3211911829610203,-0.5117413973928648,1
-0.7920508117010611,1.5902661172912507,1.265431536369903,-1.6231543903220993,-0.1628333755638454,1
1.2116200013500547,0.720119432951279,-1.5044845344309306,-1.5512108085361798,-0.06764435635202573,1
-1.5569918838599788,0.35267910437819183,0.02828044332168567,0.14921146475797503,-0.27455775290277606,0
1.584772926758591,0.6430036022115024,0.6220622038984324,-0.0469386862921369,-1.3914231176146528,1
-0.46390126810150784,-0.24222937791353025,-0.42891052280864256,1.753435407952687,-1.1365281264737217,1
-0.45935993448455203,-0.4668606582219229,-1.2724960180459202,-0.4192633105134133,0.050777148154198155,1
-1.6146090931720194,1.471779968641291,-1.6637699108544721,-0.3109147775230335,-0.32864036581134815,1
-1.0413470825885927,-0.6073692779708793,-0.38996559467203024,1.2219190824231672,1.83890693879769,1
-0.30814773200571827,-1.6075377001490543,0.8312182988798897,0.49218185940208975,1.0321946998068512,1
1.4840002107115293,-0.3700998785176815,1.6812993629242328,-1.402458347076042,0.3686982267884655,1
-1.331933756504247,0.9709598955732278,-0.12812758667192967,-1.448504322105675,0.24430270680102864,1
1.5383387759982043,0.48249076066577334,-0.7049561098547966,0.16769913928704722,-1.5242767504053902,1
1.281028350262163,1.5625767136500963,-0.5274377321566794,-0.2845960266436548,0.7022090317195814,1
-0.12859453937853002,-1.3845475104688796,-1.4012652329086221,0.8777537781852639,0.3068095777254822,1
-0.5612007606975238,1.3882752757425936,-0.17258256441102557,0.5092399801108372,0.13085357361572778,0
-0.8800913341960388,-0.4802456244807539,0.43463848458216797,-1.645351211363057,1.0209161000320435,1
0.4154738120427475,-0.11819963832888407,0.4224566627370703,-1.5884755948889722,1.079694966844122,1
-1.557772626210409,-0.27492771976075286,-1.6728171236880878,1.235675795298699,-0.9320919001661621,1
-1.6170610589708843,-1.349255058164764,0.45729011916535145,-1.0815118919524742,-1.0459194996138743,1
-0.2146893982985038,-0.8970334935691441,0.5669044478138086,0.3085699166057066,0.641585420741649,1
-1.4389838776570925,0.8054577673329327,0.005490266175540283,1.581582210979789,-0.5267086825067214,0
-0.8149369179014609,-1.6709878362156396,1.5246278813721341,1.6711967292181453,-0.0862795495017646,1
-0.9194049294000223,-1.2892241806714906,-0.831440691413248,1.2512520350902712,-1.5442371264598906,1
-0.8106937024761428,-1.6634041317508668,1.205732855296623,1.4045707639842568,-0.19939229712162476,1
-1.225224921329367,1.2018069659332689,-1.1189817875667216,1.4599512370615553,1.644042015206226,0
-1.6291771526922494,0.37526273914280195,-0.8180266285037324,-1.3836474548432975,0.741063084328237,1
-1.2780728962328816,-1.1651344242336357,-1.0137488565841957,1.295836775719916,1.209060060483499,1
0.42910265698042316,0.896700239019161,1.320318154793329,-0.2195220360462349,0.5274011983245195,1
1.6366113754149558,1.5785173165934014,1.0054351520589329,-1.4999656921769506,0.37671675248558384,1
1.6912169565273028,1.467513352441546,-0.17131148050556444,0.18355355169504056,1.7470861340004575,1
-0.2816927655813883,1.4227098362246045,-0.41987554047730224,-1.2458501519420646,0.03782649474467247,1
-1.1169585938498354,-1.7233126443737652,-1.6723634206752782,-1.3748655853079665,1.1056693926132206,1
0.49793835330511177,0.2777860298624012,0.6912647176933132,-0.04157313982866897,-0.8797978211610779,1
-0.005924846848134615,-0.8666103512817221,1.593436255698748,-0.566049058486483,-1.3396699348822585,1
1.688042791840144,0.19389228361978847,0.9539584126258982,1.378466825301058,-1.057721742157803,1
-1.4483848456160833,-0.6552164953467468,-0.9170895533682633,-0.563228267671465,-0.48584851042252175,1
0.9882807168030533,-1.2211253433195188,-0.809290070957504,1.176853890061306,-0.06530657357086342,1
-0.6911996060791267,-0.21979945277923815,-0.2662661107626055,-1.629615620685179,1.4576703481743265,1
-0.8506499872790456,-0.045573311915474014,-0.31796522634081514,1.6114827081765586,0.40342141786250973,1
0.5785218071317179,1.6575861240751615,-0.9196243770615423,-1.4599345193757292,0.5809921923580542,1
-0.8348862669506905,-1.6042607907370376,0.9988904556779008,-0.7441316043204566,-0.33435186810109635,1
0.5899071847430234,-0.7133178899680872,0.9799135734465204,-1.5609873016738052,0.6769450046806484,1
0.08572430393513551,1.1828902438161184,0.706808383601222,1.6463073271761808,-0.26626122185982787,0
-0.23066412161210892,0.5211461092246795,-1.6996025945534443,-1.46900896938083,0.45828494090364263,1
0.21259015843282467,1.096088728323738,1.4302903968530818,-0.44855048168710915,0.20158355561247282,1
-0.6957712668483537,0.5231961579679024,-0.5586836942563214,0.6320380931103365,-0.6080463214519479,0
0.7280964802570705,0.8649007363046061,-1.6177612749992385,-0.5411764589305484,-1.4048892851717434,1
-0.26199806704058876,-0.05306044027205079,0.4699379816265596,-1.6207072229146413,-1.2663361799331376,1
-0.4463314328397011,-1.044803960974119,0.8135892476173817,-0.8207070995745616,0.3404713052329071,1
1.1424452564956546,1.038661889023095,0.5849980136283462,0.8065741917886794,-1.442158875257124,1
1.469322777163945,0.2048185250469336,-0.37564770266422454,-0.3480711159144894,-0.09240260511448582,1
-1.5138787899414763,-1.2698832529340247,1.2374637147461018,1.168990816581152,1.4920369981455373,1
-0.8804888969949085,1.0210685917372373,-0.4936775672558197,0.8899334671256038,0.3679444045451892,0
-0.48714849857753323,1.5502339255832767,0.12978385631654624,0.364827515598105,1.7677191427528616,0
1.0959797219589418,-0.5583518024959657,1.4453092044160678,-1.3221438585421639,-0.6791879371670527,1
1.674743856626593,-0.7396327636545691,0.7803014249729398,1.724027979075325,0.6069374008203261,1
1.6186756785200334,-1.468649266290778,-1.3918755861095644,0.14065691686465312,1.6188402266939927,1
1.4013794739757206,0.5376579322410805,0.9492222162033563,-0.7534125479608351,-0.46062519001946506,1
-0.6635120246996374,1.5515274989041115,1.3764777439451055,0.4202511154582005,0.19366338115970796,0
1.696872205417865,-1.2819768990082805,1.1147343693848348,0.7794156826435665,1.3077238929553416,1
-0.8234930490337726,-0.07978562593666119,-0.08115725016852395,-0.041828222820341016,-0.524817553305234,1
-1.3105812492390343,-1.4119666874582468,1.1139094029121364,0.5564974308717414,-1.6700805778502918,1
1.557518614822488,-1.6327621024369046,-1.4571864177876213,-1.275586597465709,1.8159003021353959,1
-0.8777965521557048,0.5376917572915734,-0.8445381419371378,1.3535759709824882,-0.25913264099848204,0
0.6710551763674844,1.2372671093157952,1.2570196626973575,0.6899904389490976,-1.3129768446582033,1
-1.4719659425483833,-0.5879388937323613,-1.5746452767160157,1.006652702188952,0.912858574011853,1
0.8100089578013855,1.2650798797482472,-0.35116279884258933,-1.256040342265624,-0.5471102405636374,1
1.3225428547191178,-1.3471864252523975,1.2350758120152252,0.13595418660440295,-1.1034435045108373,1
-0.7453735130948894,-0.9308983302303016,-0.1871904955088492,0.730729604951778,-1.2809491011403142,1
-0.38350369277187935,1.3540530476430264,-1.4263420036724175,0.14618275469620395,0.776250786191506,0
-0.39966162055211285,0.0006099623170057877,-0.14171203459728862,-1.3058968961165847,1.826688203391642,1
0.871369882288903,0.3438194861860898,0.7951225425582392,-1.438208037842227,-0.30960636191336455,1
-0.8629070547441735,-1.619305619995894,-0.6312904894320089,0.46789571575116673,1.011302745493855,1
-1.0867563692997324,-1.3081534767348215,1.3930803139941197,1.0886973640066377,0.6223087188497711,1
-0.14512592910872768,-1.5581141439510984,1.5106221962319002,1.774239993138274,-0.20641714833127014,1
-0.6366580995368215,1.3657387268353705,-1.141127934016107,0.30384018935421736,-1.528049699062156,0
1.1781917213915576,-1.286100702608679,-1.396272872677807,-0.8587194982607952,-0.2473866929321686,1
-0.8631290793683823,1.1752432168000007,-0.6897267319514918,-0.2560942009323658,-1.597921424681227,1
0.03508880002611366,-0.5415814135754141,-0.10764844076281717,-1.2803933034739141,1.6809621170669011,1
1.5291140695323133,1.0062755203827183,-1.1780091484449713,-0.22591095757985682,-0.24753144475085176,1
0.48176906621557364,-0.4933485687113341,-0.88796027263197,1.2372298788370506,0.35586981760774267,1
1.2735644879988748,-0.8285600012118164,1.4849027967748827,-0.3071547278954932,1.6400841956720913,1
1.521056983578298,-1.427727087490264,0.735654661642478,-1.4688426529258747,0.34444645648947453,1
0.8780785059572036,-0.7837230044358675,0.33453246465648917,-1.076959951269587,-1.0896874768701823,1
0.7043395805828027,-0.1268859438774054,0.7119020190828543,0.65207330934828,1.6787309080433415,1
1.6152608314076677,1.0645015948265184,-1.7072684627190848,0.7260299927012712,-1.034229409989966,1
1.7049823598082603,-0.19218213493080552,-1.2174329084743836,-0.9666818141093854,-1.246647366067745,1
-0.13653895727197937,1.5944756701060223,0.6563118449910157,1.1341751466543197,-0.41427490318633015,0
-1.4294952172353919,0.11465375535267103,0.7359581648894427,-0.682446917786953,-0.1570751431580621,1
-0.6762810998970267,-1.6643149466516771,1.209358757924633,0.2609298232275774,1.7702398164457607,1
-1.152934197674084,-0.32008251971020546,0.2920109070821212,-0.5902919590546295,0.2663988191526151,1
-0.2530734875641551,0.6216949299739541,0.19493196016814615,0.7325220391379418,1.1608705986947538,0
1.2566933221038432,1.101964325349591,-0.7692410647408097,-0.477270200950005,-0.6679067759105426,1
-1.5047726998435604,-1.5483419844809116,0.8789071763343035,-1.232738900244242,1.1657505323002166,1
-0.8091618801323232,-1.0610103290286934,-1.3621689671816126,1.2866366417841395,0.7973189902683568,1
-0.15583790032436523,0.39455020659649775,-0.8944484830668977,0.6468223159059827,0.3050954538113225,0
-1.3149197029594026,-1.3553139447012692,-1.7149349231306104,-1.557882541781327,-1.3290131086672512,1
-0.48729573248147634,0.3271387468184184,0.007937423178655046,0.20753942568754175,-1.4672716704343582,0
0.8418734127595865,-0.689869179224861,-0.8129470632324283,-1.1185179907680474,-0.33778912864068517,1
0.6396477001844433,-0.2715382982124099,-1.4488219666188253,0.10821316640485772,1.5850806998645977,1
0.4423534630741203,-0.6651282328398419,1.3050942074200136,1.0006998682595067,-0.8980848974141101,1
0.7415153830477095,-1.5085939261560282,-1.03513280873475,-0.2287152573309152,-0.2018726375055916,1
-0.9745143168041402,-0.026077426108307322,0.2294744982950889,0.4021642107300591,0.5777157208783484,1
-0.5102999351972558,1.5674956595778253,-0.785403321102222,0.2290915687089088,0.06265138382810943,0
0.6251484744016433,0.3561832741289512,0.33300110064798794,0.33606311827717456,-1.6127344419939054,1
1.314107203927861,-0.7171855363376609,0.5278337025353865,-0.005403393363764546,0.7681257991448732,1
0.17522289168656152,1.5418464488553887,0.772397844077007,-1.073114005197024,1.5607665211105788,1
-0.710541572932507,-0.4100489862905523,-0.7021813124593426,-0.8171316379770339,0.42853330002533774,1
-1.5674093649701142,0.6513690952987772,-1.5545184820292988,1.4221646169199131,0.36003512360119977,0
0.7408651789826413,0.43306420091432335,1.2241048037366042,0.8872787051503693,1.2655192303890361,1
-1.6432695058034694,1.530694531693982,1.6083776085199823,1.7270017490008758,1.2567806253507467,0
-0.40515012710155857,1.398798517417882,1.323423365619148,-1.4606173526051056,-1.0384332493209099,1
0.13062269363214327,-1.2406214380392218,-1.4332394353427012,-0.55986037053965,-0.20166517352606939,1
1.459631338035985,-1.4551846318315964,0.9766564585878423,1.646076519158239,1.2085779288247438,1
-1.366282489844266,1.0374171209416645,-0.049467255427918515,-0.13836157726834894,0.9086186485718757,1
-0.2922541694119481,1.36554066100543,0.45176513627016385,0.42781162139284795,1.2978108324574757,0
-1.5875089162659644,-0.05288190579543129,0.38176554444832245,0.3090707507927834,-1.2420391699057187,1
-0.5072016430224743,0.628106419685414,0.11871432181265494,-1.1635272918694388,-0.14067594666606414,1
0.4418329240106464,-1.5099204821368257,0.5991204209620005,0.8629024792085711,0.8166769654381351,1
-0.7228676243497579,-0.9934109099337242,0.39756625054289124,-1.4462620447745178,0.892018779665152,1
-0.9581339115837877,-1.235897128539939,0.26213464487781113,0.20000000106198246,-1.4468002699532874,1
-1.2773298236509656,0.31960880673639885,-1.2266839360645054,0.25036736093587897,0.8272888139508199,0
0.288794047970908,-1.070068202903456,1.2504010232331917,-0.9536164054765374,0.5227962360447311,1
0.6897281641098333,-1.544150936678145,0.8681181962301673,0.9292125868493726,-0.46237009147141483,1
0.6106039629078865,-0.7096955367044687,1.5914846545653034,1.429466546183755,-0.6215385606262788,1
1.5504197270497004,0.5814573789130056,0.999319986494416,1.7139667560250926,-1.5988320553107698,1
-1.6608535199032468,0.23939708675016627,0.28162058599473755,-1.554361871396993,-0.3093394530612844,1
0.526566513812966,-0.6115083795518498,1.429567464216997,-0.5833614125840348,-0.6112842035165356,1
0.3677116479406995,1.1194870039905642,0.527717328390671,1.5277891467643145,-0.16897415859355336,1
0.32816246335353955,-0.7990013775550747,-0.652772186175194,-1.4730579899672636,0.8159394602507151,1
1.5976280889368857,-0.8531308250248235,-1.114584619285633,-0.7127548643025888,-1.1850618479681323,1
-1.6127655640260767,0.17771073230872902,0.35635547955618563,0.18429990088920756,0.003184360344724487,1
0.6938431513621685,-0.10369397739178511,0.8087004789869017,0.8941110471843237,1.1147330073023733,1
1.0916088094844332,-0.21470743164170022,1.1105282771640355,-0.8636650655254104,-0.8186106634519312,1
0.06026471365979316,-1.2138293064076875,-0.7379875654046413,-0.6155580397504098,1.3663613584982708,1
-0.5365466812070894,-0.012692868924198776,1.3775382579209012,-0.9787059563171085,1.6124619336549435,1
1.0140946568904992,-0.8583942533054537,0.26601260653448594,-0.12571990073951705,-1.3010240194352025,1
-1.3399843743006186,-0.39991742889272314,0.76382806845447,0.08461983429419861,-1.2908606887909087,1
-0.16975293498481225,0.7754995692154006,1.0555424964863374,1.4399353264155783,0.5901999617509637,0
0.09469759398794687,1.475440753940722,1.47798461480044,0.9989900119645826,0.1354357175181553,0
0.6852698038294388,0.9142278026125773,-0.7218567595258095,0.8088133811584178,1.5080824052712214,1
-1.3615607810967467,-0.3535948997386011,-0.3703294216121068,0.3191213654251599,1.1470559569163212,1
-0.8970092326647972,0.2916257952919765,1.3705649609650288,-0.5186460184431406,0.08109141898146183,1
-0.2774588435095831,0.8200088494492555,1.1459087038082252,-1.405884315972223,-1.457864245318929,1
0.44544284588387706,-0.3240290899559029,-0.34745041147442335,-0.7581204457028548,-1.350649529390658,1
1.3403294211176757,-0.5098592222039527,-0.11349503018886306,-0.978195140735842,-0.10861825299579302,1
0.43027667619594445,-1.2845570830498683,0.7434332916519373,-0.8642112740288741,-0.6198936769763448,1
-1.2170581090050283,0.7847625305194462,-1.5065126461806062,-0.8680635818375212,1.6485908624853447,1
1.6580748510281513,1.136804449373747,-0.4565953486875257,-0.16867532785335412,0.6635374095505832,1
1.2888250944896813,-0.6601946930647912,-1.0091816302047825,-0.3397086938329191,-0.7408248928956905,1
0.03621324941463986,0.9474351128214946,0.0630191333255527,-0.4895869795653398,-0.43378819803184226,1
1.460434090428269,0.35077672357066014,0.931946342438977,1.3781918737754728,-1.4149065156824825,1
0.1674259578622697,0.9494158201228788,-1.2709340377037759,-0.9505652909479917,-0.814868255869714,1
1.4636858484489996,-0.33395763366057646,1.6682048476244626,-1.0847090257247594,-0.5694487774311338,1
1.1466553754297435,0.823722318761231,-0.11427219000441384,-1.3855451775664136,0.5786413236290002,1
1.616349779520694,-0.3436954278257501,0.9350825580697902,1.5279138804243544,-1.0888888478352485,1
1.451727862982868,-1.4446072711930995,-0.5077150345756563,-0.9793653691967642,0.7038153587187135,1
-1.5477289706318202,0.14545475736327068,-0.04214928783355487,0.3177423944911032,-1.2839373346998373,1
-1.0768495632330406,-0.18593726992567608,1.593182810597939,-0.36372409635312714,1.4745059645864547,1
-0.3492995585812339,-0.8795311007740706,0.6512072844820929,0.2595037974318091,0.5235355078965602,1
1.5615577846909603,1.3213670410621714,-1.6286201025715663,0.559021328774399,0.34959051307236993,1
-0.6517257855243432,-0.43202908738534757,-0.9208440240459934,1.2369201210160121,-1.036603129926113,1
-1.1253987683752564,-1.6154911628544457,-0.827269367205751,0.0946315427144841,0.9300640427415535,1
1.3381025568975253,-0.4344996843393595,1.572747252467479,-0.5232434371754592,-0.8633098979274519,1
-0.15495918040441878,-0.2886046170769464,0.9232547248363869,-1.024898416026338,1.133170307556588,1
1.4113145986503972,1.2164386810770131,0.6113072744212721,0.43632205169221994,1.065357699228554,1
-1.126203752461054,1.0014060874455661,-1.4776941337598906,-1.1933361141097916,1.6353269295011659,1
0.5738141053966588,-1.0617130358758136,1.0407292797625807,1.2909092545039933,1.0786392797210242,1
-0.17576673790054226,1.1385970103559058,-1.0934200120102766,-1.5510238661760385,-0.4054158339664761,1
-1.4104310692653252,-0.8965832401978054,-1.2062530967998695,1.2548459269659582,0.11221030697251044,1
0.6937776942337782,-0.5729148588351215,1.2638220314909143,-0.8939021724896892,0.5250719115061695,1
-0.8303533212413513,-1.4857154025915376,-1.6993400290043663,0.028028798015162615,-0.7515268868425389,1
-1.5355726116748667,-1.5596101370842441,-1.4995482616514981,0.86089945452214,1.1403051638153727,1
-1.4665764537596417,0.5940164806095632,1.4372460426493792,1.045024428332875,-0.5327632539232388,0
-1.4627268308499115,1.428885031883095,-0.853701173614555,-0.2674094338946999,-1.2395780987663223,1
1.4108304870581572,-0.05273299378512811,0.9396160376463829,0.0678318816596688,-1.490437517793959,1
0.841148424843331,1.156034173359639,0.5377012285244703,-1.544903646133935,0.6428033795017486,1
1.378008330215887,0.9827037069331613,-1.3316251504254883,-0.4656325460667344,-0.7614977086698873,1
0.6127258012856267,0.538303489275827,1.010248671759122,-0.7486089495460907,1.3233450973921241,1
0.12520148349223653,1.6178653801501703,-1.0051997543082236,-0.3076031046063927,1.0421855895035501,1
-0.6367329138984612,1.0117513952174293,0.6689229584364836,-0.6136731283284464,-1.2926104537096783,1
1.7170700121361226,-0.80390670589991,-0.41016678056934774,-1.0981422568300165,0.2707553175312268,1
-0.44075337537715253,0.966394075178374,0.1520865126368104,1.5858158755443212,1.7347196301319054,0
-0.07263894299293526,0.6346494537035922,1.5291804777878533,-0.1730268496724802,1.24396501330271,1
-0.38625868607945946,-0.37464366738624033,-0.8275467662923741,0.5426715466243973,1.3967537368906051,1
1.6545002633176897,-1.4857876502146434,-0.6837488552569053,1.5344384514644696,-0.768441696784978,1
-1.0772351869638488,-1.0121577393280092,-0.7131606364673052,0.31844884622886693,0.8753829138689186,1
-0.5568322597672125,0.9947083099735349,-0.44731935619458013,-1.2105151073605982,-0.4944543399810434,1
0.6390849212483303,-0.8946618248487437,0.26138907539778605,1.0601759949592182,1.2398147464208569,1
-1.4555006982961998,1.6854487395879656,1.0285058758865069,1.0124089066896471,-1.3372148580392886,0
0.3909848695570239,0.6392166075969095,1.3470542146728535,-0.2576964381364767,0.7319881990514162,1
-0.04888914490598874,-0.10711345127471893,-1.506721079453064,0.2049105824063409,0.5891424617209049,1
-0.7061282483507885,0.2138256065702936,0.5134259818433624,-0.1881039774993387,-0.7735521849078774,1
-0.860850151721867,0.35304796880631073,0.3155236449686849,-0.8767485477400172,0.5438733500480112,1
0.07623540697084406,1.5858999332428523,0.3447996605329085,0.9721066202153779,1.5340277637941566,0
-0.42127675028286604,-1.1933240974141712,1.0047752677597335,0.9086563784410959,0.48349610817294725,1
-0.12059316952483048,-0.8123372731974607,1.5005365624895513,0.5744304323091073,-1.0480730535854612,1
-0.5246251642344633,0.692937844034744,0.8501458089550926,-0.08254802644898747,-0.6142423596713187,1
1.6238413308919195,-0.9243658705199969,-1.1278898835787095,-0.05108993218882831,-0.452972434748862,1
-1.2171329103315889,1.2496963922277204,1.5581485887650997,-0.6220804095914587,-0.5964551613193004,1
-1.3414742531428816,-0.5570768390960863,1.2513223330568355,-0.7343798769171199,0.7294779347029781,1
-0.5045517850973682,-1.127568457327485,-0.6887023571160987,1.2674474846003276,1.6730085264157895,1
0.33592556166845605,-1.5862438539347232,-1.2972533492755072,1.3031521994532385,0.08825897335607168,1
0.5672261887930382,0.30044649005752705,1.0481939388262607,-1.593736420442057,1.1055098463196078,1
-0.32173313559408623,1.09126559022481,1.6325890018366775,0.8234390582455172,1.653051549918434,0
1.7215356614811856,-0.8075263020794059,-1.2792963520181186,-0.5140402934069759,-0.37166970091067847,1
-0.47569836088349565,1.4089099713145878,0.5177578469502822,1.5089927353121173,-1.5374824822185553,0
0.7784363722090618,0.8586962669321252,-1.6828753270725827,-0.8153953374235486,0.9742251606555125,1
0.4939365970298313,-1.5391435117312071,-1.594866736244567,-0.49522824609148164,0.9091741254589584,1
1.0894882752441517,0.22138754944081943,0.9768143067526233,0.9186134628735839,-0.6245831399605778,1
1.6432957192867734,0.20351115825409544,1.0811010224705093,-1.39207851395255,-0.7458008805831403,1
1.3499442405129076,-1.0534300798491245,-0.5182467754064493,0.7837376188400412,0.7966938693029674,1
0.924906104741227,-0.5983580361514285,-0.1799675886131425,0.6692382221046113,-1.146256958385112,1
0.6998371407561638,-0.17233673686522624,0.9572442453229209,-0.6029362197624801,1.2944721480905779,1
-0.5313426386171418,-0.03337457856255725,1.2255901612460838,0.7999729206575005,1.3555071654565214,1
-1.1687812837079752,-1.2345191786896157,-0.7695027096919349,1.4526267361048444,0.31007168582407707,1
-0.07263894299293526,-1.1855318572850853,0.9737464316396568,1.1128943219002874,-0.9245807080085424,1
-0.8490103927894672,-0.44448441411605377,-1.0275412601902816,0.13094198861300138,1.6694569932558323,1
-0.20285868303780527,0.8229686229869279,-0.18208795506561096,-1.1918221177995452,-0.8660474048276897,1
0.10163461688279828,1.1119976735880939,0.7494350837516529,1.4162951441207847,-0.604158102662066,0
0.9538284691775051,-1.189509734970618,0.6358952156286811,0.034413522402205875,-0.1322742960438292,1
1.5839522581195153,0.838629498413601,0.006397684742071736,-0.24648069058951128,0.14801146849754682,1
-1.2718408638044194,0.5590691953976505,0.5812671553211245,0.233602353167693,-0.08365719503112784,0
-1.3068546712505438,1.3164574803587301,-1.5432746442990153,-0.9134623421517958,-1.7011529427360947,1
0.3314041308021601,1.585371201028193,-0.7277675271716443,-0.49252359776805027,1.3610754835147898,1
0.8598635502633227,-1.3216821680816782,-0.9747316325502572,0.8780084885370644,-1.617556382897642,1
1.208606360630869,-1.4724411299330862,-1.4360419214340348,0.2875608746363574,1.429831342098224,1
1.5061993150065456,1.0032891507928137,-1.0041770025849561,0.9699002027545809,1.2211821114728512,2
1.66773458764265,-1.1918447028126418,1.2335673317802474,0.9688216189182663,1.6257470648850894,1
-0.3130955553554934,-1.080278050752959,1.357914256146648,0.9400418129769731,-0.5865290802280887,1
-0.3791651667237466,1.2866702360164888,0.11211078344853136,-1.1515172385660366,-1.0634767851704818,1
-1.1683634856550116,1.482678243420573,-0.054984343215829144,0.585226662096628,-1.5090345722239566,0
0.6546490998461265,-0.6536982761098827,-0.12780144396471085,0.001676543525892042,0.7413263282532331,1
0.5590312954471277,1.1494042405356006,1.5732208543246606,-1.4332939289907036,-1.1457108685621868,1
1.255824620769082,1.2068642641350085,1.5106986061598418,1.2196792656685733,-1.105664699386283,1
-1.339933229370407,0.33417245695583864,-0.9739942695415436,-0.8922939994565933,-0.8834144183680579,1
0.019433739919743342,0.1988544906204558,-1.3907661271680383,-1.6019895225511036,-0.7120904684665249,1
0.3021721859410724,0.23242387207958046,-1.5300669163427514,0.5620092341685917,-0.9430836160182509,0
-0.8501801879264179,-0.7128565630742748,-0.4897160797697659,-1.0557011955896758,0.45596912966106773,1
-1.096353599861279,0.38057261409081883,-0.2843096915151131,-1.434612858125192,0.11385759626914861,1
-0.29533155172389663,-0.9110956071991321,0.04047590872358673,1.4752475014516793,0.01429541947936677,1
-0.2941844781897227,-1.281802501462917,-0.09780692448185976,0.4484920877879286,-0.7539921682300261,1
-0.5804037268409001,-0.8010802088297148,-0.3969191229830254,1.3653909308450578,-1.344702942659751,1
-1.5683764320265485,-0.925322838923995,-1.5086482154316803,0.3924254928680667,0.14011955396372708,1
0.8322232691644703,0.7779983631175229,-0.9304408000087967,-0.12535820837766468,0.7771607840680872,1
-1.2974182322914352,0.7183612429217414,-0.001461954637002706,-0.5186405056185395,-1.3592870939476296,1
0.38779028413722727,0.2621874116293135,0.2881778650030764,1.6831633718327028,0.88772579953478,1
0.7167020617405522,-1.4357386778591268,-0.07644852657879864,-0.004951799771789304,-1.6178066705302867,1
0.48444567148496054,0.19945153294022852,-0.4683471116848922,-0.41339210326990666,0.7811071009644542,1
1.5853143742688196,-1.4773881935599915,1.039641680143748,1.4691133495067124,1.6839590553504558,1
-1.3194328381769793,-1.687633228876155,0.6666556195493542,1.140088221607003,-0.07921819398558959,1
1.2731495820986252,-0.536205416639892,1.5264831798105,0.3742760470068395,-1.4678103972725833,1
-1.5709561886421672,-0.9220007314680435,-1.6214769698884537,0.29644979982389896,-0.6976566114069689,1
0.1454872562153448,0.2971847076574763,0.8358183101214459,0.06061002330315547,-1.1778434790414247,1
-0.2980195953943112,1.4471379084471232,-1.5060796615705,-1.3158205992445133,0.07769525868748903,1
0.10905931792020865,0.7282666764887973,-0.7184638535517511,0.7132336722929769,-1.0595816416145907,0
-0.4308740166802771,0.8918408844353511,1.4293424914930273,-0.3574921658165822,1.8377702070095017,1
-1.0232414081694357,1.5237474060386478,0.9431047580384914,-1.587979231461902,-0.21137540872226065,1
-1.6051248770238709,0.4329894045025377,0.5543245179250237,0.8455745691705095,-0.32585376071934075,0
0.08857967669553037,0.23893991178017793,-0.34552864644187525,-1.2025940830711936,-1.4739444165148858,1
1.1903685641597626,0.32204437801327374,-1.545694199144912,1.0922166795715869,0.42461104211217066,1
-0.40332792853032196,1.2307876117992964,-0.8238663168693444,-0.75551892681648,-1.2602990348705676,1
-0.9136252531733583,-0.4139678974932855,-0.06708078541217298,0.36627264017296196,-0.7720483291578858,1
-1.3967014852085198,0.9881608213487949,-0.26635005978152676,0.309148592527139,-0.6391922405473972,0
-1.3804817629797674,0.49553493404362403,-0.1450737990623482,-1.0393471583892226,-1.3533298523620776,1
-0.9186055339688678,-0.7015552975362446,-1.6126426271413004,-0.13953354415222588,1.246746323503387,1
-1.3305791011490715,-1.7030738571654813,0.4550334452140826,1.1647085453656827,-1.3092324493759262,1
-0.7704797067795163,-1.0274431946478815,-0.1696587245791089,1.6896382716995435,0.013993232215131596,1
-1.4455160380694578,0.6598769213875924,-1.6590282639522898,-1.5840568622695237,-0.674989731452193,1
-1.4473644010410045,0.2456860702355122,1.505191782388325,-1.1430548961322988,-0.861560627041102,1
1.2361854406069617,-0.8047664104877245,-1.0384415729312884,0.47278090698000036,-0.9086268437254258,1
-1.1197897630410576,-0.2548882103751892,-1.134870966450267,-1.637777795889848,0.6778133714119804,1
0.2295418932597196,0.5261497485888228,0.8736019980498042,0.955179997332523,1.1180873490601153,0
0.9550910099421323,-1.3126423911176464,-0.5205897197872222,0.35462126307823943,-0.24921835420275998,1
-1.271637854952648,0.14831712152624485,1.69331578055511,0.2999716005143946,-0.7343280186348484,1
-1.1275110571256273,1.050849580185415,-0.20162743507587386,0.6924217078911119,1.6493726300167584,0
-1.5111668236716809,-1.6132284515345185,1.423062647281965,0.9123018772986295,1.665892678981451,1
1.6246482550208006,-1.7025648393752852,-1.1918380382128806,-0.11318446552566172,1.2525467137103306,1
-1.656926178137508,1.580904891545705,1.6804570096547493,-0.16777343706713696,-0.09785076083903642,1
-1.0639252788286286,1.1025879714316158,-1.513187080091126,-0.03256180017273973,0.039077295272514426,1
0.4100503352850141,0.8230523673299365,-1.5144961326093795,1.3122320410727488,-0.37119764141982914,1
-1.3938586743995343,-1.2141214431648581,1.107355226312334,-0.3983970128487829,-0.06478548442219514,1
1.3231411881121278,-0.10924316216649373,0.94734788682688,1.3920734328881608,-1.199193950301329,1
0.7723729310950423,1.4769237105334436,-0.8661143041757416,-1.5059680219479197,-0.7392124666692728,1
1.6099132386814068,1.4642053645437523,-0.8698563422635839,-0.7786191504559138,-1.0443134438315578,1
0.0528941043300701,-1.7183653876151879,-0.09525660770290713,1.4336263939937413,1.4275419094548678,1
-0.6504538321788752,0.8406449535671703,1.5202481735463151,1.555065542869641,0.7492500904197255,0
0.1949846050648742,-1.7287266288956435,0.4303776805003642,-0.9336187246855832,-1.228214749308388,1
1.4891838889303721,1.6387741838047458,1.1392316332530614,-0.9010647146312514,-0.17285299601374993,1
0.09744356436604648,-0.31457401429517845,1.2578310233116783,0.9423294314501169,-0.5450386921428821,1
-0.7631237456189082,1.6016481259644173,-1.255413424368204,-0.40577687588960826,-1.6488033140138134,1
1.3078758821681968,-0.4840411656089586,0.26888466652875026,-0.9405485002728794,0.9249372805665118,1
-0.40773066859217744,-0.03337457856255725,1.6689125930258493,-0.8664830091477442,-0.1380372998361197,1
-1.6653331570033767,-0.6612015967102092,-1.388524348237067,-0.6023780992018969,-0.41708744021865085,1
-0.8293817270722292,0.7655444657036056,-0.19510881776665656,1.212588873660299,-1.0547940826156388,0
-0.5899391454340794,-1.062724431922439,0.9070795148500647,-0.08001790773206147,0.032765544312254265,1
1.2446748502333664,1.2247706987621672,1.6779559161517967,-1.210208106088253,-0.7368871641688669,1
-0.11386190283329216,0.28315441383876866,-1.305953451004969,-0.3712122983745403,0.10199363090350565,1
-0.16109259779498597,1.5892266064856468,-0.3292591802587374,-0.5372225620335187,-0.8123626496695726,1
-0.5292923256203914,1.6483567338142204,0.8662834478310084,-1.3852060424649606,-0.6622621991445727,1
1.319005988645233,-1.1126167626761534,0.3212706229716601,1.1793087275269507,-0.19149116412263065,1
1.5374062483418791,1.5405801704284234,1.2974501068961788,0.8637476607110143,0.4683824114401326,1
1.6964618206754642,-1.5899701543648765,-1.3662223231595865,-0.1514613477717487,1.291327097565878,1
-0.3913629714015475,-1.6542678685917056,0.14437754438521905,0.7614413078891142,-0.7119640503348263,1
1.60909010258081,1.4995479756643293,0.37311652515297533,-0.48388042385552366,-0.5388870439930298,1
1.0176224172198802,1.563354706864156,1.0765762677669597,1.5655853674750368,0.5883275159018815,1
0.6232704486734044,-1.2432256876092913,1.1841445945235753,0.07238628265856878,1.8323123683445108,1
-0.8388698405917041,-0.22695374641739888,-0.09007687883265496,-1.2647311717313285,-0.8820889890718476,1
-0.9353692003014181,-0.04902941981437657,0.35641422943396295,-0.015477626195225169,-0.9175872393871531,1
-1.1064595547972595,1.2117682605682711,-1.6896816444266523,-0.4103576636207159,1.2122570477594818,1
1.4618209812108256,0.4117327134293303,0.6469772325366913,-1.529350462895417,1.1332640810847205,1
-0.6719278319726697,0.9166498311194133,-1.6636339708503536,-0.4461247443354243,-0.5330695931132597,1
-0.1322198608398942,-0.0800017994563184,0.5031069735659135,1.7046064868947373,-1.6494883193231877,1
0.006471748213932683,0.4823025792358298,0.018770847475961912,-0.7552313446631204,-0.17601993812317696,1
0.9710973550805658,0.7818309944557804,1.5561197413934709,0.8385285223562303,0.2288443031921194,1
1.1953173727549178,0.7903418956272656,-1.1572215533463335,-1.1173625066671236,0.9985699101652228,1
-1.1980135127044385,-1.7442200435083766,-0.4001386066690488,-1.0652593179766408,0.6461344863124993,1
-0.22110870918854836,-1.4062172139613953,1.2241936455898965,-0.6287831040713345,0.6858496062687119,1
1.1906333826466384,-0.4981106414899884,0.04689723629058173,-1.596242476391018,1.1521315195148174,1
1.1063885749579232,-1.5394989540040673,1.0778104868583025,0.013570669173067535,1.0508538361375341,1
-1.3224344931079746,-0.43155946938503004,0.0240172079849791,1.6822445402577382,-0.020647729344153935,1
-1.1392609245975942,-0.4089141765103628,0.6242443463687828,-0.680129214405555,-1.3295401509676466,1
-0.637573518778348,1.4181856622257603,1.3073621437053389,0.6525876581760299,1.1910490814219072,0
-1.4142584991550138,0.20224038708095088,-1.528582763823573,1.2513494356064025,0.4359214666267511,1
-0.22871590844088122,0.6817832366557153,1.3050138041168127,1.5780099914981967,-1.5846073437053423,0
-1.304772222938462,1.3044457575618014,-1.1027251577024206,-1.5594779418329188,1.0992361365076144,1
0.2585104439508207,-0.22794015559610353,0.8742984683819176,1.2542232626890795,-0.30454493932312765,1
-0.8332104559673683,-0.03337457856255725,0.22436786062228678,-1.3670225815434975,-0.5859981708694014,1
0.3542741619074418,-0.7677837371199333,-0.574585675427021,-0.5707934559916525,0.12782753233962116,1
-1.2711445392555725,1.0529671133625127,0.002014155769268941,0.9025370309260358,0.6838382750052505,0
1.6421356620057976,1.354860240899508,1.1697740640756034,-0.38252655868575347,1.5836400943822717,1
1.4950979134523896,-0.5399463828123836,-0.7370638579456356,-1.4524296404626464,-1.609459668314739,1
-0.34026380476471396,-0.7379835505569807,-1.0213491655172438,0.9045719935609721,-0.6195387659108359,1
-0.8480706243905776,1.4328931512377876,-0.48516342758229647,0.26453653721416986,-1.5582071177048866,0
-0.8201731198418868,-0.5414470094646262,-0.5773525411704974,-0.04953099167205314,1.293346410387346,1
-0.02938363427698343,0.4954944891457864,-1.1685993600220206,-0.22698791698316603,0.7974386601903721,1
-1.5342921202155602,-0.7850911103078837,1.4989974004412212,0.5095608450352013,-0.7406840744906042,1
0.5011400924321542,-1.413066341667172,1.3282266960085394,1.501106462130042,1.031358640788496,1
-0.28424230521012656,-0.024433177954236378,1.284387166829974,-0.20329609832075077,0.5482015146646604,1
-0.3891049145018349,1.4285088901021086,-0.1533792827054664,-0.31602916537503,0.6432337797251416,1
1.076968123395559,0.37979350864275024,0.991969259102223,-0.4064585472432755,0.9640227310336216,1
0.7364483145309112,-1.0312076811160762,-0.4804737027001469,-0.9627383205739716,-1.1300143215597604,1
1.5689944711252037,0.5994201484359629,1.2355180084577986,1.2118174907304071,0.4312528047901632,1
-0.47555158909640655,0.895284882995726,1.3927854622914075,-0.8564397176421027,0.13704480189012114,1
1.3762448255561823,-0.6458160920154089,0.1299268152170055,0.25645542491415874,-0.49233396536500107,1
0.9432514718870325,0.1751697460202789,-0.08312303269247383,1.0353269088541086,0.8936620480983354,1
-0.4569238426429177,0.5977797460184944,0.11071405511878239,-0.005403393363764546,-0.15924475618211673,1
-0.07263894299293526,-1.1981031887274507,-0.8997815128230221,0.08176442603651611,-0.03196543892790842,1
-0.6906176672786303,1.5692223217988095,-1.4015135837280668,-0.2659041851729529,-0.9585801145130072,1
1.2976976669973743,-0.19653065526925526,-0.3893561778735162,-1.396596371057138,0.923255181849241,1
-1.288448330207429,1.6228077057380763,0.002014155769268941,1.1636332020206688,-1.6642299243553542,0
-0.9490229797540067,-1.0974954536391375,0.6220138508371041,-0.2632686162624965,0.0645370132867023,1
-1.0488106328472486,-0.08455795431352874,1.1678510956099244,-0.36720817436986597,0.20810190953439237,1
-0.302152200087013,-1.1791647891041033,-0.1679343568945596,0.6649068338966542,-0.7512907769351291,1
0.8593031512530946,-1.7151505800894642,-1.290325298063036,-0.1242978712681033,-1.1032068044371803,1
0.11830321712114562,-0.9311927412208023,0.07615746346360869,-0.3693313164053827,-0.46575148660274296,1
-0.014847788875791572,-0.36201846392461057,-1.581155360192435,0.28401619133816575,-1.3257906247591806,1
-1.6681752541208548,-0.2658085756659108,-0.23859861086837544,-0.406565008404966,0.8601233395967955,1
-0.22620867356895685,1.302057925305234,-1.025692967974773,0.9402387754335922,0.36259454701684757,0
-1.3417888476878623,-1.5873850380247554,0.8485374224623267,-1.1677188664920468,0.5032041855269801,1
0.7883615268693841,-1.0705902744323854,-1.219714048618202,0.9566884662746388,-0.7315860241387253,1
-1.0198334832164386,-0.3775124904146597,-1.3093160034662568,-1.5647597909069757,1.6730937927363947,1
0.5774006377521312,1.5502586899824893,1.4672552800433332,1.1459597801719892,-0.5991286035907344,1
